Step,Point,Position X,Position Y,Position Z,Velocity X,Velocity Y,Velocity Z
1,0,0.337973,-0.105084,0.286995,-0.221472,0.0533034,0.389545
1,1,0.302135,0.412624,-0.299935,0.369515,0.0976651,0.251345
1,2,-0.167706,0.269124,-0.226762,-0.292834,0.089423,-0.453662
1,3,0.0520726,-0.0260737,0.131899,-0.18974,-0.347078,0.302776
2,0,0.334894,-0.104163,0.290259,-0.307893,0.0921221,0.326394
2,1,0.305369,0.413226,-0.297093,0.32339,0.0602319,0.284244
2,2,-0.169994,0.269848,-0.230998,-0.228857,0.0723981,-0.423617
2,3,0.0508609,-0.0293881,0.134929,-0.121172,-0.331439,0.302983
3,0,0.330942,-0.102861,0.292881,-0.395223,0.130147,0.262245
3,1,0.308146,0.413459,-0.293931,0.277673,0.0232631,0.316165
3,2,-0.171656,0.270406,-0.234933,-0.166203,0.0558652,-0.393533
3,3,0.0503531,-0.0325477,0.13798,-0.0507776,-0.315963,0.305128
4,0,0.326099,-0.101185,0.294846,-0.484274,0.167647,0.196514
4,1,0.310468,0.413325,-0.290459,0.232218,-0.0133807,0.347259
4,2,-0.172702,0.270804,-0.238567,-0.104629,0.0397988,-0.363373
4,3,0.0505746,-0.0355553,0.141076,0.0221546,-0.300752,0.309605
5,0,0.320339,-0.0991361,0.296132,-0.575972,0.204874,0.128529
5,1,0.312337,0.412827,-0.286682,0.186885,-0.0498322,0.377662
5,2,-0.173142,0.271046,-0.241898,-0.0439079,0.0241769,-0.333096
5,3,0.0515593,-0.0384143,0.144245,0.0984648,-0.285906,0.316909
6,0,0.313625,-0.0967153,0.296706,-0.671428,0.242082,0.0574763
6,1,0.313752,0.411965,-0.282607,0.141534,-0.0862197,0.4075
6,2,-0.17298,0.271136,-0.244925,0.0161773,0.00898085,-0.302652
6,3,0.0533511,-0.0411296,0.147522,0.179185,-0.27153,0.327679
7,0,0.305905,-0.09392,0.29653,-0.772028,0.279531,-0.0176697
7,1,0.314712,0.410738,-0.278238,0.0960267,-0.12267,0.436887
7,2,-0.172221,0.271078,-0.247645,0.0758345,-0.00580454,-0.271988
7,3,0.0560075,-0.0437071,0.150949,0.265635,-0.257743,0.342775
8,0,0.297109,-0.090745,0.295547,-0.879592,0.317498,-0.0982663
8,1,0.315215,0.409145,-0.273579,0.0502187,-0.159309,0.465933
8,2,-0.170869,0.270876,-0.250055,0.135268,-0.0201911,-0.241046
8,3,0.0596032,-0.0461539,0.154583,0.359575,-0.244685,0.363383
9,0,0.287143,-0.0871821,0.293685,-0.996624,0.356295,-0.186198
9,1,0.315254,0.407182,-0.268631,0.00396165,-0.196266,0.494739
9,2,-0.168922,0.270534,-0.252153,0.19468,-0.034187,-0.209757
9,3,0.0642377,-0.0484792,0.158495,0.463451,-0.232528,0.391219
10,0,0.275875,-0.0832193,0.290843,-1.12675,0.396276,-0.284227
10,1,0.314825,0.404845,-0.263397,-0.0429011,-0.233675,0.523405
10,2,-0.166379,0.270056,-0.253933,0.254278,-0.0477971,-0.178046
10,3,0.0700462,-0.0506941,0.162784,0.580843,-0.221491,0.428872
11,0,0.263119,-0.0788407,0.286876,-1.27558,0.437859,-0.396685
11,1,0.31392,0.402129,-0.257877,-0.090537,-0.271675,0.552029
11,2,-0.163236,0.269446,-0.255391,0.314273,-0.0610228,-0.145826
11,3,0.0772193,-0.0528126,0.167589,0.717311,-0.211848,0.480487
12,0,0.248595,-0.0740257,0.281566,-1.45248,0.481506,-0.530952
12,1,0.312529,0.399025,-0.25207,-0.139128,-0.310415,0.580705
12,2,-0.159488,0.268707,-0.256521,0.374888,-0.0738622,-0.112998
12,3,0.0860411,-0.0548517,0.173122,0.882184,-0.203916,0.55325
13,0,0.231846,-0.0687495,0.274555,-1.67487,0.527615,-0.701141
13,1,0.31064,0.395524,-0.245975,-0.188877,-0.350053,0.609529
13,2,-0.155124,0.267844,-0.257316,0.436358,-0.0863105,-0.0794433
13,3,0.0969697,-0.0568311,0.179732,1.09286,-0.197938,0.66106
14,0,0.212038,-0.0629918,0.265162,-1.98077,0.575768,-0.939295
14,1,0.30824,0.391616,-0.239589,-0.240008,-0.390762,0.638592
14,2,-0.150135,0.266861,-0.257766,0.498939,-0.0983622,-0.045016
14,3,0.110843,-0.0587644,0.188089,1.38731,-0.193331,0.835723
15,0,0.187254,-0.0567987,0.251732,-2.47844,0.619315,-1.34294
15,1,0.305312,0.387289,-0.232909,-0.292781,-0.432722,0.667982
15,2,-0.144506,0.26576,-0.257861,0.562906,-0.110015,-0.00953251
15,3,0.129581,-0.0605971,0.199834,1.87378,-0.183265,1.1745
16,0,0.150106,-0.0511677,0.226915,-3.71479,0.563096,-2.4818
16,1,0.301837,0.382528,-0.225931,-0.347505,-0.476121,0.697765
16,2,-0.13822,0.264548,-0.257589,0.628559,-0.121286,0.0272609
16,3,0.160573,-0.0613208,0.222302,3.0992,-0.0723763,2.24678
17,0,0.403613,-0.327251,0.0736447,25.3507,-27.6084,-15.327
17,1,0.297791,0.377317,-0.218652,-0.404584,-0.521091,0.727901
17,2,-0.131258,0.263224,-0.25693,0.696198,-0.132331,0.0658151
17,3,-0.0991958,0.22023,0.372535,-25.9768,28.1551,15.0233
18,0,0.656916,-0.602983,-0.0796824,25.3303,-27.5731,-15.3327
18,1,0.293181,0.371782,-0.2112,-0.460993,-0.553464,0.74522
18,2,-0.123715,0.261921,-0.255928,0.754294,-0.130342,0.100258
18,3,-0.358777,0.501733,0.522307,-25.9581,28.1502,14.9772
19,0,0.910115,-0.87855,-0.233018,25.3199,-27.5568,-15.3335
19,1,0.288024,0.366042,-0.203716,-0.515755,-0.574067,0.748429
19,2,-0.115651,0.260739,-0.254732,0.8064,-0.118199,0.119608
19,3,-0.618228,0.783156,0.671862,-25.9451,28.1423,14.9555
20,0,1.16325,-1.15403,-0.386346,25.3137,-27.5478,-15.3328
20,1,0.282307,0.360131,-0.196264,-0.571695,-0.591084,0.745193
20,2,-0.107046,0.259699,-0.253409,0.860532,-0.103968,0.13223
20,3,-0.877599,1.06452,0.821316,-25.9371,28.1362,14.9454
21,0,1.41635,-1.42945,-0.539665,25.3097,-27.5424,-15.3319
21,1,0.276001,0.354057,-0.18888,-0.630581,-0.6074,0.7384
21,2,-0.0978616,0.258811,-0.251975,0.918411,-0.0888516,0.143465
21,3,-1.13692,1.34584,0.970717,-25.932,28.1319,14.9401
22,0,1.66942,-1.70484,-0.692976,25.3069,-27.5387,-15.3311
22,1,0.269065,0.347816,-0.181592,-0.693574,-0.624045,0.728774
22,2,-0.0880533,0.258082,-0.25042,0.980828,-0.0728295,0.155465
22,3,-1.39621,1.62713,1.12009,-25.9287,28.1289,14.9369
23,0,1.92247,-1.9802,-0.846281,25.3048,-27.5362,-15.3304
23,1,0.261447,0.341401,-0.17443,-0.761759,-0.641524,0.71623
23,2,-0.0775667,0.257525,-0.248726,1.04866,-0.0557159,0.169399
23,3,-1.65547,1.90839,1.26943,-25.9263,28.1267,14.9348
24,0,2.1755,-2.25554,-0.999579,25.3033,-27.5342,-15.3298
24,1,0.253084,0.334799,-0.167427,-0.836391,-0.660206,0.700255
24,2,-0.066336,0.257152,-0.246864,1.12307,-0.0372698,0.186249
24,3,-1.91471,2.18964,1.41877,-25.9245,28.125,14.9333
25,0,2.42852,-2.53087,-1.15287,25.3021,-27.5328,-15.3293
25,1,0.243893,0.327995,-0.160628,-0.919079,-0.680448,0.679948
25,2,-0.0542798,0.256981,-0.244792,1.20561,-0.0171882,0.207136
25,3,-2.17395,2.47088,1.56809,-25.9231,28.1237,14.9323
26,0,2.68153,-2.80619,-1.30616,25.3011,-27.5316,-15.3289
26,1,0.233773,0.320968,-0.154089,-1.012,-0.702675,0.653901
26,2,-0.0412956,0.25703,-0.242456,1.29843,0.00492304,0.233585
26,3,-2.43317,2.75211,1.7174,-25.9221,28.1227,14.9314
27,0,2.93453,-3.08149,-1.45945,25.3003,-27.5306,-15.3286
27,1,0.222591,0.313694,-0.14789,-1.11821,-0.727433,0.619911
27,2,-0.0272499,0.257326,-0.239778,1.40457,0.0295945,0.267863
27,3,-2.69238,3.03333,1.86671,-25.9212,28.1218,14.9308
28,0,3.18753,-3.35679,-1.61273,25.2996,-27.5299,-15.3282
28,1,0.210168,0.306139,-0.142146,-1.24226,-0.755469,0.574388
28,2,-0.0119643,0.257901,-0.236642,1.52856,0.0575639,0.313598
28,3,-2.95158,3.31454,2.01601,-25.9205,28.1211,14.9303
29,0,3.44052,-3.63208,-1.76601,25.2991,-27.5292,-15.328
29,1,0.196256,0.29826,-0.137035,-1.39118,-0.787846,0.51111
29,2,0.00481017,0.2588,-0.232871,1.67745,0.0898892,0.377036
29,3,-3.21078,3.59574,2.16531,-25.9199,28.1205,14.9298
30,0,3.69351,-3.90737,-1.91929,25.2986,-27.5286,-15.3277
30,1,0.180489,0.289999,-0.132852,-1.57675,-0.826122,0.418277
30,2,0.02344,0.260082,-0.228172,1.86299,0.128123,0.469992
30,3,-3.46997,3.87694,2.31461,-25.9193,28.12,14.9295
31,0,3.94649,-4.18265,-2.07256,25.2982,-27.5282,-15.3275
31,1,0.162286,0.281274,-0.130147,-1.8203,-0.872537,0.270509
31,2,0.0445051,0.261827,-0.221993,2.10651,0.174504,0.617856
31,3,-3.72916,4.15814,2.4639,-25.9189,28.1195,14.9292
32,0,4.19947,-4.45793,-2.22583,25.2978,-27.5277,-15.3273
32,1,0.140636,0.271979,-0.130129,-2.16498,-0.929464,0.00176671
32,2,0.0690168,0.264141,-0.213126,2.45117,0.231403,0.886675
32,3,-3.98835,4.43933,2.61319,-25.9185,28.1191,14.9289
33,0,4.45244,-4.7332,-2.37911,25.2975,-27.5274,-15.3272
33,1,0.113592,0.262094,-0.136362,-2.70439,-0.988514,-0.623303
33,2,0.0989225,0.267045,-0.198008,2.99057,0.290428,1.51181
33,3,-4.24753,4.72051,2.76247,-25.9182,28.1188,14.9287
34,0,4.70541,-5.00847,-2.53238,25.2972,-27.527,-15.327
34,1,0.0808373,0.254136,-0.166593,-3.27548,-0.79579,-3.02312
34,2,0.134539,0.268022,-0.158892,3.56164,0.0976844,3.91167
34,3,-4.50671,5.0017,2.91176,-25.9179,28.1185,14.9285
35,0,4.95838,-5.28374,-2.68565,25.2969,-27.5267,-15.3269
35,1,0.0786471,0.254081,-0.192441,-0.219025,-0.00549155,-2.58474
35,2,0.139591,0.261095,-0.124158,0.50518,-0.692632,3.47334
35,3,-4.76589,5.28288,3.06104,-25.9176,28.1182,14.9283
36,0,5.21135,-5.55901,-2.83891,25.2967,-27.5265,-15.3268
36,1,0.0843351,0.254933,-0.209461,0.568801,0.0851749,-1.70202
36,2,0.136764,0.253262,-0.0982517,-0.282653,-0.783314,2.59065
36,3,-5.02506,5.56406,3.21032,-25.9174,28.1179,14.9281
37,0,5.46431,-5.83427,-2.99218,25.2965,-27.5262,-15.3267
37,1,0.092843,0.255695,-0.2205,0.850793,0.076182,-1.10386
37,2,0.131118,0.245519,-0.0783265,-0.564651,-0.774334,1.99251
37,3,-5.28423,5.84524,3.3596,-25.9172,28.1177,14.928
38,0,5.71728,-6.10953,-3.14545,25.2963,-27.526,-15.3266
38,1,0.102541,0.25614,-0.227116,0.969846,0.0445231,-0.661614
38,2,0.124281,0.238092,-0.0628236,-0.683709,-0.742687,1.55029
38,3,-5.5434,6.12641,3.50888,-25.917,28.1175,14.9279
39,0,5.97024,-6.38479,-3.29871,25.2961,-27.5258,-15.3265
39,1,0.112709,0.256196,-0.230186,1.01677,0.00556138,-0.306989
39,2,0.116974,0.231055,-0.0508667,-0.730635,-0.703736,1.19569
39,3,-5.80257,6.40759,3.65816,-25.9168,28.1173,14.9278
40,0,6.2232,-6.66004,-3.45197,25.296,-27.5256,-15.3264
40,1,0.122949,0.255828,-0.230238,1.02394,-0.0367545,-0.005202
40,2,0.109596,0.22444,-0.0419276,-0.737815,-0.661429,0.893916
40,3,-6.06173,6.68876,3.80744,-25.9166,28.1171,14.9277
41,0,6.47616,-6.9353,-3.60524,25.2958,-27.5255,-15.3263
41,1,0.132998,0.255013,-0.227603,1.00489,-0.0815408,0.263467
41,2,0.102408,0.218274,-0.035675,-0.718768,-0.616651,0.625261
41,3,-6.3209,6.96993,3.95671,-25.9165,28.117,14.9276
42,0,6.72911,-7.21055,-3.7585,25.2957,-27.5253,-15.3262
42,1,0.142651,0.253722,-0.222488,0.965364,-0.129023,0.511498
42,2,0.095616,0.212582,-0.0319025,-0.67924,-0.569177,0.377242
42,3,-6.58006,7.25109,4.10599,-25.9163,28.1168,14.9275
43,0,6.98207,-7.4858,-3.91176,25.2956,-27.5252,-15.3261
43,1,0.151722,0.251922,-0.215011,0.907071,-0.180015,0.747708
43,2,0.0894065,0.2074,-0.0304921,-0.620948,-0.518191,0.141043
43,3,-6.83922,7.53226,4.25526,-25.9162,28.1167,14.9274
44,0,7.23502,-7.76105,-4.06502,25.2954,-27.5251,-15.3261
44,1,0.160011,0.249564,-0.20522,0.828923,-0.235853,0.979111
44,2,0.0839785,0.202777,-0.0313956,-0.542802,-0.462359,-0.0903516
44,3,-7.09839,7.81343,4.40453,-25.9161,28.1166,14.9273
45,0,7.48798,-8.0363,-4.21828,25.2953,-27.5249,-15.326
45,1,0.167281,0.246578,-0.193099,0.727029,-0.298558,1.21206
45,2,0.0795694,0.19878,-0.0346286,-0.44091,-0.39966,-0.323295
45,3,-7.35755,8.09459,4.55381,-25.916,28.1165,14.9273
46,0,7.74093,-8.31155,-4.37154,25.2952,-27.5248,-15.326
46,1,0.173217,0.242865,-0.178568,0.593601,-0.371273,1.45313
46,2,0.0764946,0.195511,-0.0402722,-0.307483,-0.32695,-0.564359
46,3,-7.6167,8.37576,4.70308,-25.9159,28.1164,14.9272
47,0,7.99388,-8.5868,-4.5248,25.2951,-27.5247,-15.3259
47,1,0.177357,0.238273,-0.161469,0.414003,-0.459207,1.70993
47,2,0.0752157,0.19312,-0.0484837,-0.127885,-0.239021,-0.821148
47,3,-7.87586,8.65692,4.85235,-25.9158,28.1163,14.9271
48,0,8.24683,-8.86204,-4.67806,25.295,-27.5246,-15.3259
48,1,0.17895,0.232555,-0.141551,0.159254,-0.571825,1.99172
48,2,0.0764843,0.191856,-0.059513,0.126863,-0.126407,-1.10294
48,3,-8.13502,8.93808,5.00162,-25.9157,28.1162,14.9271
49,0,8.49978,-9.13729,-4.83132,25.295,-27.5245,-15.3258
49,1,0.176595,0.225269,-0.118473,-0.235511,-0.728626,2.30779
49,2,0.0817006,0.19216,-0.0737031,0.521627,0.03039,-1.419
49,3,-8.39417,9.21924,5.15089,-25.9156,28.1161,14.927
50,0,8.75273,-9.41253,-4.98457,25.2949,-27.5244,-15.3258
50,1,0.167116,0.215497,-0.0920345,-0.947892,-0.977179,2.64389
50,2,0.0940407,0.19495,-0.091254,1.23401,0.278939,-1.7551
50,3,-8.65333,9.5004,5.30016,-25.9155,28.116,14.927
51,0,9.00568,-9.68778,-5.13783,25.2948,-27.5244,-15.3257
51,1,0.140937,0.20103,-0.0654173,-2.61786,-1.44675,2.66173
51,2,0.12308,0.202435,-0.108983,2.90397,0.748503,-1.77293
51,3,-8.91248,9.78156,5.44943,-25.9155,28.1159,14.9269
52,0,9.25863,-9.96302,-5.29109,25.2947,-27.5243,-15.3257
52,1,0.0976853,0.187905,-0.0804547,-4.32521,-1.31242,-1.50374
52,2,0.169194,0.208576,-0.0850579,4.61133,0.614169,2.39254
52,3,-9.17164,10.0627,5.5987,-25.9154,28.1158,14.9269
53,0,9.51157,-10.2383,-5.44435,25.2947,-27.5242,-15.3257
53,1,0.0716678,0.179763,-0.0966015,-2.60174,-0.814217,-1.61469
53,2,0.198072,0.209736,-0.0600231,2.88786,0.115967,2.50349
53,3,-9.43079,10.3439,5.74797,-25.9153,28.1158,14.9269
54,0,9.76452,-10.5135,-5.5976,25.2946,-27.5241,-15.3256
54,1,0.0507921,0.17284,-0.11126,-2.08758,-0.6923,-1.4659
54,2,0.221809,0.209676,-0.0364761,2.37369,-0.00595205,2.3547
54,3,-9.68994,10.625,5.89724,-25.9153,28.1157,14.9268
55,0,10.0175,-10.7887,-5.75086,25.2946,-27.5241,-15.3256
55,1,0.0323995,0.166452,-0.124834,-1.83925,-0.638813,-1.3573
55,2,0.243063,0.209082,-0.014015,2.12537,-0.0594418,2.24611
55,3,-9.9491,10.9062,6.04651,-25.9152,28.1156,14.9268
56,0,10.2704,-11.064,-5.90411,25.2945,-27.524,-15.3255
56,1,0.0154967,0.160365,-0.137623,-1.69028,-0.608668,-1.27894
56,2,0.262827,0.208186,0.00766246,1.9764,-0.0895891,2.16774
56,3,-10.2082,11.1873,6.19577,-25.9151,28.1156,14.9267
57,0,10.5234,-11.3392,-6.05737,25.2944,-27.5239,-15.3255
57,1,-0.000400399,0.154473,-0.149822,-1.58971,-0.589224,-1.21986
57,2,0.281585,0.207096,0.0287491,1.87583,-0.109036,2.10867
57,3,-10.4674,11.4685,6.34504,-25.9151,28.1155,14.9267
58,0,10.7763,-11.6145,-6.21062,25.2944,-27.5239,-15.3255
58,1,-0.0155666,0.148717,-0.161557,-1.51662,-0.575584,-1.17357
58,2,0.299612,0.205869,0.0493729,1.80273,-0.122678,2.06238
58,3,-10.7265,11.7497,6.49431,-25.915,28.1155,14.9267
59,0,11.0292,-11.8897,-6.36388,25.2943,-27.5238,-15.3255
59,1,-0.0301741,0.143063,-0.172919,-1.46075,-0.565455,-1.13618
59,2,0.317081,0.204541,0.0696229,1.74687,-0.132809,2.02499
59,3,-10.9857,12.0308,6.64357,-25.915,28.1154,14.9267
60,0,11.2822,-12.1649,-6.51713,25.2943,-27.5238,-15.3254
60,1,-0.0443387,0.137487,-0.183972,-1.41646,-0.557615,-1.10525
60,2,0.334107,0.203134,0.0895635,1.70258,-0.140651,1.99406
60,3,-11.2448,12.312,6.79284,-25.9149,28.1154,14.9266
61,0,11.5351,-12.4402,-6.67039,25.2943,-27.5237,-15.3254
61,1,-0.0581424,0.131973,-0.194763,-1.38037,-0.551354,-1.07916
61,2,0.350772,0.201665,0.109243,1.66648,-0.146914,1.96797
61,3,-11.504,12.5931,6.94211,-25.9149,28.1153,14.9266
62,0,11.7881,-12.7154,-6.82364,25.2942,-27.5237,-15.3254
62,1,-0.0716454,0.126511,-0.205331,-1.3503,-0.546231,-1.05681
62,2,0.367136,0.200145,0.128699,1.63642,-0.152039,1.94562
62,3,-11.7631,12.8743,7.09137,-25.9149,28.1153,14.9266
63,0,12.041,-12.9907,-6.97689,25.2942,-27.5236,-15.3254
63,1,-0.0848937,0.121091,-0.215705,-1.32482,-0.541955,-1.03741
63,2,0.383245,0.198582,0.147962,1.61094,-0.156316,1.92622
63,3,-12.0223,13.1554,7.24064,-25.9148,28.1152,14.9266
64,0,12.294,-13.2659,-7.13015,25.2941,-27.5236,-15.3253
64,1,-0.0979228,0.115708,-0.225909,-1.30291,-0.538329,-1.02039
64,2,0.399136,0.196982,0.167054,1.58903,-0.159944,1.9092
64,3,-12.2814,13.4366,7.3899,-25.9148,28.1152,14.9265
65,0,12.5469,-13.5411,-7.2834,25.2941,-27.5236,-15.3253
65,1,-0.110761,0.110356,-0.235962,-1.28385,-0.535212,-1.00532
65,2,0.414835,0.195352,0.185995,1.56997,-0.163062,1.89413
65,3,-12.5406,13.7177,7.53917,-25.9147,28.1152,14.9265
66,0,12.7998,-13.8164,-7.43665,25.2941,-27.5235,-15.3253
66,1,-0.123432,0.105031,-0.245881,-1.26708,-0.532501,-0.991857
66,2,0.430367,0.193694,0.204802,1.5532,-0.165774,1.88067
66,3,-12.7997,13.9989,7.68843,-25.9147,28.1151,14.9265
67,0,13.0528,-14.0916,-7.58991,25.294,-27.5235,-15.3253
67,1,-0.135954,0.0997296,-0.255679,-1.25221,-0.530121,-0.979756
67,2,0.445751,0.192012,0.223487,1.53833,-0.168156,1.86857
67,3,-13.0589,14.28,7.8377,-25.9147,28.1151,14.9265
68,0,13.3057,-14.3668,-7.74316,25.294,-27.5235,-15.3253
68,1,-0.148344,0.0944495,-0.265367,-1.23892,-0.528013,-0.968809
68,2,0.461001,0.19031,0.242064,1.52504,-0.170265,1.85762
68,3,-13.318,14.5612,7.98696,-25.9146,28.115,14.9264
69,0,13.5587,-14.6421,-7.89641,25.294,-27.5234,-15.3252
69,1,-0.160613,0.0891882,-0.274955,-1.22697,-0.526132,-0.95885
69,2,0.476132,0.188588,0.26054,1.51309,-0.172147,1.84766
69,3,-13.5772,14.8423,8.13623,-25.9146,28.115,14.9264
70,0,13.8116,-14.9173,-8.04966,25.2939,-27.5234,-15.3252
70,1,-0.172775,0.0839438,-0.284453,-1.21614,-0.524443,-0.949747
70,2,0.491155,0.18685,0.278926,1.50226,-0.173838,1.83856
70,3,-13.8363,15.1235,8.28549,-25.9146,28.115,14.9264
71,0,14.0645,-15.1925,-8.20291,25.2939,-27.5234,-15.3252
71,1,-0.184838,0.0787146,-0.293866,-1.20629,-0.522916,-0.941388
71,2,0.506079,0.185096,0.297228,1.49241,-0.175366,1.8302
71,3,-14.0955,15.4046,8.43475,-25.9146,28.115,14.9264
72,0,14.3175,-15.4678,-8.35617,25.2939,-27.5233,-15.3252
72,1,-0.19681,0.0734993,-0.303203,-1.19729,-0.52153,-0.933683
72,2,0.520913,0.183329,0.315453,1.48341,-0.176753,1.8225
72,3,-14.3546,15.6858,8.58402,-25.9145,28.1149,14.9264
73,0,14.5704,-15.743,-8.50942,25.2939,-27.5233,-15.3252
73,1,-0.208701,0.0682967,-0.312469,-1.18902,-0.520265,-0.926555
73,2,0.535664,0.181548,0.333606,1.47514,-0.178019,1.81537
73,3,-14.6138,15.9669,8.73328,-25.9145,28.1149,14.9264
74,0,14.8233,-16.0182,-8.66267,25.2938,-27.5233,-15.3252
74,1,-0.220514,0.0631056,-0.321668,-1.18139,-0.519105,-0.919939
74,2,0.550339,0.179757,0.351694,1.46751,-0.17918,1.80875
74,3,-14.8729,16.2481,8.88254,-25.9145,28.1149,14.9263
75,0,15.0763,-16.2935,-8.81592,25.2938,-27.5232,-15.3251
75,1,-0.232258,0.0579252,-0.330806,-1.17434,-0.518038,-0.913779
75,2,0.564944,0.177954,0.36972,1.46046,-0.180248,1.80259
75,3,-15.132,16.5292,9.03181,-25.9144,28.1148,14.9263
76,0,15.3292,-16.5687,-8.96917,25.2938,-27.5232,-15.3251
76,1,-0.243936,0.0527547,-0.339886,-1.1678,-0.517053,-0.908029
76,2,0.579483,0.176142,0.387688,1.45392,-0.181234,1.79684
76,3,-15.3912,16.8104,9.18107,-25.9144,28.1148,14.9263
77,0,15.5822,-16.8439,-9.12242,25.2938,-27.5232,-15.3251
77,1,-0.255553,0.0475933,-0.348913,-1.16171,-0.516141,-0.902646
77,2,0.593961,0.17432,0.405603,1.44783,-0.182147,1.79146
77,3,-15.6503,17.0915,9.33033,-25.9144,28.1148,14.9263
78,0,15.8351,-17.1192,-9.27567,25.2937,-27.5232,-15.3251
78,1,-0.267113,0.0424404,-0.357889,-1.15602,-0.515293,-0.897596
78,2,0.608383,0.17249,0.423467,1.44214,-0.182996,1.78641
78,3,-15.9095,17.3727,9.4796,-25.9144,28.1148,14.9263
79,0,16.088,-17.3944,-9.42892,25.2937,-27.5231,-15.3251
79,1,-0.27862,0.0372953,-0.366817,-1.1507,-0.514502,-0.892848
79,2,0.622751,0.170652,0.441283,1.43682,-0.183787,1.78166
79,3,-16.1686,17.6538,9.62886,-25.9144,28.1147,14.9263
80,0,16.341,-17.6696,-9.58218,25.2937,-27.5231,-15.3251
80,1,-0.290077,0.0321577,-0.375701,-1.14571,-0.513764,-0.888374
80,2,0.637069,0.168807,0.459055,1.43183,-0.184526,1.77718
80,3,-16.4278,17.935,9.77812,-25.9143,28.1147,14.9263
81,0,16.5939,-17.9448,-9.73543,25.2937,-27.5231,-15.3251
81,1,-0.301487,0.027027,-0.384542,-1.14102,-0.513073,-0.884151
81,2,0.651341,0.166955,0.476785,1.42714,-0.185218,1.77296
81,3,-16.6869,18.2161,9.92738,-25.9143,28.1147,14.9263
82,0,16.8468,-18.2201,-9.88868,25.2936,-27.5231,-15.325
82,1,-0.312853,0.0219027,-0.393344,-1.1366,-0.512425,-0.880157
82,2,0.665568,0.165096,0.494475,1.42272,-0.185867,1.76897
82,3,-16.9461,18.4973,10.0766,-25.9143,28.1147,14.9262
83,0,17.0998,-18.4953,-10.0419,25.2936,-27.523,-15.325
83,1,-0.324178,0.0167846,-0.402108,-1.13243,-0.511814,-0.876374
83,2,0.679754,0.163232,0.512126,1.41855,-0.186478,1.76518
83,3,-17.2052,18.7784,10.2259,-25.9143,28.1146,14.9262
84,0,17.3527,-18.7705,-10.1952,25.2936,-27.523,-15.325
84,1,-0.335463,0.0116722,-0.410836,-1.12849,-0.51124,-0.872784
84,2,0.6939,0.161361,0.529742,1.41461,-0.187053,1.76159
84,3,-17.4643,19.0595,10.3752,-25.9143,28.1146,14.9262
85,0,17.6057,-19.0458,-10.3484,25.2936,-27.523,-15.325
85,1,-0.34671,0.00656521,-0.419529,-1.12476,-0.510697,-0.869374
85,2,0.708009,0.159485,0.547324,1.41088,-0.187597,1.75818
85,3,-17.7235,19.3407,10.5244,-25.9142,28.1146,14.9262
86,0,17.8586,-19.321,-10.5017,25.2936,-27.523,-15.325
86,1,-0.357922,0.00146337,-0.428191,-1.12122,-0.510184,-0.866128
86,2,0.722082,0.157604,0.564874,1.40734,-0.188111,1.75494
86,3,-17.9826,19.6218,10.6737,-25.9142,28.1146,14.9262
87,0,18.1115,-19.5962,-10.6549,25.2936,-27.523,-15.325
87,1,-0.369101,-0.0036336,-0.436821,-1.11786,-0.509698,-0.863036
87,2,0.736122,0.155718,0.582392,1.40398,-0.188597,1.75184
87,3,-18.2418,19.903,10.823,-25.9142,28.1146,14.9262
88,0,18.3645,-19.8715,-10.8082,25.2935,-27.5229,-15.325
88,1,-0.380248,-0.00872597,-0.445422,-1.11466,-0.509237,-0.860087
88,2,0.75013,0.153827,0.599881,1.40078,-0.189059,1.74889
88,3,-18.5009,20.1841,10.9722,-25.9142,28.1146,14.9262
89,0,18.6174,-20.1467,-10.9614,25.2935,-27.5229,-15.325
89,1,-0.391364,-0.013814,-0.453994,-1.11161,-0.508799,-0.857269
89,2,0.764107,0.151932,0.617342,1.39773,-0.189497,1.74608
89,3,-18.76,20.4653,11.1215,-25.9142,28.1145,14.9262
90,0,18.8703,-20.4219,-11.1147,25.2935,-27.5229,-15.325
90,1,-0.402451,-0.0188978,-0.46254,-1.1087,-0.508382,-0.854575
90,2,0.778055,0.150033,0.634776,1.39483,-0.189915,1.74338
90,3,-19.0192,20.7464,11.2707,-25.9141,28.1145,14.9262
91,0,19.1233,-20.6971,-11.2679,25.2935,-27.5229,-15.3249
91,1,-0.41351,-0.0239776,-0.47106,-1.10593,-0.507985,-0.851997
91,2,0.791976,0.14813,0.652184,1.39205,-0.190312,1.7408
91,3,-19.2783,21.0276,11.42,-25.9141,28.1145,14.9261
92,0,19.3762,-20.9724,-11.4212,25.2935,-27.5229,-15.3249
92,1,-0.424543,-0.0290537,-0.479555,-1.10328,-0.507607,-0.849526
92,2,0.80587,0.146223,0.669567,1.3894,-0.190691,1.73833
92,3,-19.5375,21.3087,11.5693,-25.9141,28.1145,14.9261
93,0,19.6291,-21.2476,-11.5744,25.2935,-27.5229,-15.3249
93,1,-0.43555,-0.0341261,-0.488027,-1.10074,-0.507245,-0.847156
93,2,0.819738,0.144313,0.686926,1.38687,-0.191053,1.73596
93,3,-19.7966,21.5899,11.7185,-25.9141,28.1145,14.9261
94,0,19.8821,-21.5228,-11.7277,25.2934,-27.5228,-15.3249
94,1,-0.446533,-0.0391951,-0.496476,-1.09831,-0.5069,-0.844881
94,2,0.833583,0.142399,0.704263,1.38444,-0.191399,1.73369
94,3,-20.0558,21.871,11.8678,-25.9141,28.1145,14.9261
95,0,20.135,-21.7981,-11.8809,25.2934,-27.5228,-15.3249
95,1,-0.457493,-0.0442608,-0.504903,-1.09598,-0.506569,-0.842695
95,2,0.847404,0.140481,0.721578,1.3821,-0.19173,1.7315
95,3,-20.3149,22.1521,12.017,-25.9141,28.1144,14.9261
96,0,20.3879,-22.0733,-12.0342,25.2934,-27.5228,-15.3249
96,1,-0.468431,-0.0493234,-0.513309,-1.09374,-0.506253,-0.840593
96,2,0.861202,0.138561,0.738872,1.37987,-0.192047,1.7294
96,3,-20.574,22.4333,12.1663,-25.9141,28.1144,14.9261
97,0,20.6409,-22.3485,-12.1874,25.2934,-27.5228,-15.3249
97,1,-0.479346,-0.0543829,-0.521694,-1.09159,-0.505949,-0.83857
97,2,0.87498,0.136637,0.756146,1.37772,-0.192351,1.72737
97,3,-20.8332,22.7144,12.3156,-25.914,28.1144,14.9261
98,0,20.8938,-22.6237,-12.3407,25.2934,-27.5228,-15.3249
98,1,-0.490242,-0.0594394,-0.530061,-1.08953,-0.505658,-0.836621
98,2,0.888736,0.134711,0.7734,1.37565,-0.192643,1.72543
98,3,-21.0923,22.9956,12.4648,-25.914,28.1144,14.9261
99,0,21.1467,-22.899,-12.4939,25.2934,-27.5228,-15.3249
99,1,-0.501117,-0.0644932,-0.538408,-1.08754,-0.505378,-0.834743
99,2,0.902473,0.132782,0.790636,1.37367,-0.192923,1.72355
99,3,-21.3515,23.2767,12.6141,-25.914,28.1144,14.9261
100,0,21.3997,-23.1742,-12.6472,25.2934,-27.5228,-15.3249
100,1,-0.511973,-0.0695443,-0.546737,-1.08563,-0.505109,-0.832931
100,2,0.91619,0.13085,0.807853,1.37175,-0.193192,1.72173
100,3,-21.6106,23.5579,12.7634,-25.914,28.1144,14.9261
